{"cameraMode":{"drawMode":0,"name":"Shaded","section":"Shading Mode"},"sceneLighting":true,"audioPlay":false,"sceneViewState":{"m_AlwaysRefresh":false,"showFog":true,"showSkybox":true,"showFlares":true,"showImageEffects":true,"showParticleSystems":true,"showVisualEffectGraphs":true,"m_FxEnabled":true},"in2DMode":false,"pivot":{"x":-1.9714601039886475,"y":-5.201707363128662,"z":-12.548568725585938},"rotation":{"x":-0.011497401632368565,"y":0.9776294231414795,"z":-0.20256541669368745,"w":-0.05548993870615959},"size":10.375197410583496,"orthographic":false}